"","lGz","age","source","Sources"
"1",13.04,63,"1model","acceptable model parameter examples"
"2",12.002,68,"1model","acceptable model parameter examples"
"3",13.312,73,"1model","acceptable model parameter examples"
"4",13.178,78,"1model","acceptable model parameter examples"
"5",7.338,83,"1model","acceptable model parameter examples"
"6",11.318,88,"1model","acceptable model parameter examples"
"7",8.66800000000001,93,"1model","acceptable model parameter examples"
"8",7.16800000000001,98,"1model","acceptable model parameter examples"
"9",9.576,103,"1model","acceptable model parameter examples"
"10",13.154,63,"2model","acceptable model parameter examples"
"11",12.004,68,"2model","acceptable model parameter examples"
"12",13.888,73,"2model","acceptable model parameter examples"
"13",14.152,78,"2model","acceptable model parameter examples"
"14",7.64799999999999,83,"2model","acceptable model parameter examples"
"15",11.996,88,"2model","acceptable model parameter examples"
"16",8.436,93,"2model","acceptable model parameter examples"
"17",6.75,98,"2model","acceptable model parameter examples"
"18",9.90999999999999,103,"2model","acceptable model parameter examples"
"19",12.632,63,"3model","acceptable model parameter examples"
"20",10.76,68,"3model","acceptable model parameter examples"
"21",12.95,73,"3model","acceptable model parameter examples"
"22",13.624,78,"3model","acceptable model parameter examples"
"23",7.35600000000001,83,"3model","acceptable model parameter examples"
"24",12.086,88,"3model","acceptable model parameter examples"
"25",8.664,93,"3model","acceptable model parameter examples"
"26",7.036,98,"3model","acceptable model parameter examples"
"27",10.186,103,"3model","acceptable model parameter examples"
"28",13.224,63,"4model","acceptable model parameter examples"
"29",11.916,68,"4model","acceptable model parameter examples"
"30",13.27,73,"4model","acceptable model parameter examples"
"31",13.104,78,"4model","acceptable model parameter examples"
"32",7.63199999999999,83,"4model","acceptable model parameter examples"
"33",11.114,88,"4model","acceptable model parameter examples"
"34",8.49200000000001,93,"4model","acceptable model parameter examples"
"35",6.996,98,"4model","acceptable model parameter examples"
"36",9.3,103,"4model","acceptable model parameter examples"
"37",12.118,63,"5model","acceptable model parameter examples"
"38",10.896,68,"5model","acceptable model parameter examples"
"39",13.846,73,"5model","acceptable model parameter examples"
"40",14.712,78,"5model","acceptable model parameter examples"
"41",7.49,83,"5model","acceptable model parameter examples"
"42",12.768,88,"5model","acceptable model parameter examples"
"43",8.328,93,"5model","acceptable model parameter examples"
"44",6.604,98,"5model","acceptable model parameter examples"
"45",9.80999999999999,103,"5model","acceptable model parameter examples"
"46",12.442,63,"6model","acceptable model parameter examples"
"47",12.58,68,"6model","acceptable model parameter examples"
"48",14.324,73,"6model","acceptable model parameter examples"
"49",14.746,78,"6model","acceptable model parameter examples"
"50",7.496,83,"6model","acceptable model parameter examples"
"51",12.26,88,"6model","acceptable model parameter examples"
"52",8.578,93,"6model","acceptable model parameter examples"
"53",6.72399999999999,98,"6model","acceptable model parameter examples"
"54",10.244,103,"6model","acceptable model parameter examples"
"55",11.898,63,"7model","acceptable model parameter examples"
"56",10.584,68,"7model","acceptable model parameter examples"
"57",13.024,73,"7model","acceptable model parameter examples"
"58",14.128,78,"7model","acceptable model parameter examples"
"59",7.216,83,"7model","acceptable model parameter examples"
"60",12.59,88,"7model","acceptable model parameter examples"
"61",8.858,93,"7model","acceptable model parameter examples"
"62",7.04799999999999,98,"7model","acceptable model parameter examples"
"63",10.782,103,"7model","acceptable model parameter examples"
"64",12.13,63,"8model","acceptable model parameter examples"
"65",11.588,68,"8model","acceptable model parameter examples"
"66",14.262,73,"8model","acceptable model parameter examples"
"67",14.87,78,"8model","acceptable model parameter examples"
"68",8.2,83,"8model","acceptable model parameter examples"
"69",12.528,88,"8model","acceptable model parameter examples"
"70",8.702,93,"8model","acceptable model parameter examples"
"71",6.92199999999999,98,"8model","acceptable model parameter examples"
"72",9.95599999999999,103,"8model","acceptable model parameter examples"
"73",12.688,63,"9model","acceptable model parameter examples"
"74",12.154,68,"9model","acceptable model parameter examples"
"75",13.542,73,"9model","acceptable model parameter examples"
"76",13.458,78,"9model","acceptable model parameter examples"
"77",7.146,83,"9model","acceptable model parameter examples"
"78",11.33,88,"9model","acceptable model parameter examples"
"79",8.59,93,"9model","acceptable model parameter examples"
"80",7,98,"9model","acceptable model parameter examples"
"81",9.41999999999999,103,"9model","acceptable model parameter examples"
"82",13.296,63,"10model","acceptable model parameter examples"
"83",11.946,68,"10model","acceptable model parameter examples"
"84",13.656,73,"10model","acceptable model parameter examples"
"85",14.188,78,"10model","acceptable model parameter examples"
"86",7.254,83,"10model","acceptable model parameter examples"
"87",12.242,88,"10model","acceptable model parameter examples"
"88",8.828,93,"10model","acceptable model parameter examples"
"89",6.99399999999999,98,"10model","acceptable model parameter examples"
"90",10.096,103,"10model","acceptable model parameter examples"
"91",15.286,63,"11model","acceptable model parameter examples"
"92",13.924,68,"11model","acceptable model parameter examples"
"93",15.072,73,"11model","acceptable model parameter examples"
"94",14.938,78,"11model","acceptable model parameter examples"
"95",7.15599999999999,83,"11model","acceptable model parameter examples"
"96",12.53,88,"11model","acceptable model parameter examples"
"97",8.788,93,"11model","acceptable model parameter examples"
"98",6.83200000000001,98,"11model","acceptable model parameter examples"
"99",9.844,103,"11model","acceptable model parameter examples"
"100",12.592,63,"12model","acceptable model parameter examples"
"101",10.99,68,"12model","acceptable model parameter examples"
"102",13.408,73,"12model","acceptable model parameter examples"
"103",13.812,78,"12model","acceptable model parameter examples"
"104",7.66799999999999,83,"12model","acceptable model parameter examples"
"105",11.942,88,"12model","acceptable model parameter examples"
"106",8.77,93,"12model","acceptable model parameter examples"
"107",7.026,98,"12model","acceptable model parameter examples"
"108",9.814,103,"12model","acceptable model parameter examples"
"109",13.312,63,"13model","acceptable model parameter examples"
"110",12.674,68,"13model","acceptable model parameter examples"
"111",14.592,73,"13model","acceptable model parameter examples"
"112",14.338,78,"13model","acceptable model parameter examples"
"113",7.708,83,"13model","acceptable model parameter examples"
"114",11.952,88,"13model","acceptable model parameter examples"
"115",8.296,93,"13model","acceptable model parameter examples"
"116",6.762,98,"13model","acceptable model parameter examples"
"117",9.522,103,"13model","acceptable model parameter examples"
"118",11.816,63,"14model","acceptable model parameter examples"
"119",11.866,68,"14model","acceptable model parameter examples"
"120",14.26,73,"14model","acceptable model parameter examples"
"121",14.912,78,"14model","acceptable model parameter examples"
"122",8.352,83,"14model","acceptable model parameter examples"
"123",12.564,88,"14model","acceptable model parameter examples"
"124",8.392,93,"14model","acceptable model parameter examples"
"125",6.626,98,"14model","acceptable model parameter examples"
"126",8.85800000000001,103,"14model","acceptable model parameter examples"
"127",13.872,63,"15model","acceptable model parameter examples"
"128",13.116,68,"15model","acceptable model parameter examples"
"129",14.988,73,"15model","acceptable model parameter examples"
"130",14.802,78,"15model","acceptable model parameter examples"
"131",8.088,83,"15model","acceptable model parameter examples"
"132",12.206,88,"15model","acceptable model parameter examples"
"133",8.74000000000001,93,"15model","acceptable model parameter examples"
"134",6.93600000000001,98,"15model","acceptable model parameter examples"
"135",9.56400000000001,103,"15model","acceptable model parameter examples"
"136",11.432,63,"16model","acceptable model parameter examples"
"137",10.858,68,"16model","acceptable model parameter examples"
"138",12.722,73,"16model","acceptable model parameter examples"
"139",13.032,78,"16model","acceptable model parameter examples"
"140",7.60799999999999,83,"16model","acceptable model parameter examples"
"141",11.302,88,"16model","acceptable model parameter examples"
"142",8.46,93,"16model","acceptable model parameter examples"
"143",7.13200000000001,98,"16model","acceptable model parameter examples"
"144",10.052,103,"16model","acceptable model parameter examples"
"145",12.622,63,"17model","acceptable model parameter examples"
"146",11.85,68,"17model","acceptable model parameter examples"
"147",13.992,73,"17model","acceptable model parameter examples"
"148",14.766,78,"17model","acceptable model parameter examples"
"149",7.234,83,"17model","acceptable model parameter examples"
"150",12.732,88,"17model","acceptable model parameter examples"
"151",8.79400000000001,93,"17model","acceptable model parameter examples"
"152",6.78599999999999,98,"17model","acceptable model parameter examples"
"153",10.012,103,"17model","acceptable model parameter examples"
"154",14.73,63,"18model","acceptable model parameter examples"
"155",13.434,68,"18model","acceptable model parameter examples"
"156",14.764,73,"18model","acceptable model parameter examples"
"157",14.616,78,"18model","acceptable model parameter examples"
"158",7.734,83,"18model","acceptable model parameter examples"
"159",12.194,88,"18model","acceptable model parameter examples"
"160",8.988,93,"18model","acceptable model parameter examples"
"161",7.202,98,"18model","acceptable model parameter examples"
"162",10.192,103,"18model","acceptable model parameter examples"
"163",13.84,63,"19model","acceptable model parameter examples"
"164",14.378,68,"19model","acceptable model parameter examples"
"165",15.54,73,"19model","acceptable model parameter examples"
"166",15.056,78,"19model","acceptable model parameter examples"
"167",8.174,83,"19model","acceptable model parameter examples"
"168",12.02,88,"19model","acceptable model parameter examples"
"169",9.04400000000001,93,"19model","acceptable model parameter examples"
"170",7.186,98,"19model","acceptable model parameter examples"
"171",10.038,103,"19model","acceptable model parameter examples"
"172",12.382,63,"20model","acceptable model parameter examples"
"173",10.766,68,"20model","acceptable model parameter examples"
"174",13.316,73,"20model","acceptable model parameter examples"
"175",14.028,78,"20model","acceptable model parameter examples"
"176",7.124,83,"20model","acceptable model parameter examples"
"177",12.312,88,"20model","acceptable model parameter examples"
"178",8.988,93,"20model","acceptable model parameter examples"
"179",7.11600000000001,98,"20model","acceptable model parameter examples"
"180",10.06,103,"20model","acceptable model parameter examples"
"181",13.256,63,"21model","acceptable model parameter examples"
"182",12.996,68,"21model","acceptable model parameter examples"
"183",14.386,73,"21model","acceptable model parameter examples"
"184",14.19,78,"21model","acceptable model parameter examples"
"185",8.204,83,"21model","acceptable model parameter examples"
"186",11.702,88,"21model","acceptable model parameter examples"
"187",8.89000000000001,93,"21model","acceptable model parameter examples"
"188",7.21800000000001,98,"21model","acceptable model parameter examples"
"189",9.75400000000001,103,"21model","acceptable model parameter examples"
"190",14.006,63,"22model","acceptable model parameter examples"
"191",13.546,68,"22model","acceptable model parameter examples"
"192",15.126,73,"22model","acceptable model parameter examples"
"193",14.646,78,"22model","acceptable model parameter examples"
"194",7.714,83,"22model","acceptable model parameter examples"
"195",11.99,88,"22model","acceptable model parameter examples"
"196",8.50999999999999,93,"22model","acceptable model parameter examples"
"197",6.824,98,"22model","acceptable model parameter examples"
"198",9.608,103,"22model","acceptable model parameter examples"
"199",14.696,63,"23model","acceptable model parameter examples"
"200",12.79,68,"23model","acceptable model parameter examples"
"201",14.738,73,"23model","acceptable model parameter examples"
"202",14.716,78,"23model","acceptable model parameter examples"
"203",7.46,83,"23model","acceptable model parameter examples"
"204",12.16,88,"23model","acceptable model parameter examples"
"205",8.418,93,"23model","acceptable model parameter examples"
"206",6.458,98,"23model","acceptable model parameter examples"
"207",9.464,103,"23model","acceptable model parameter examples"
"208",12.334,63,"24model","acceptable model parameter examples"
"209",10.758,68,"24model","acceptable model parameter examples"
"210",12.88,73,"24model","acceptable model parameter examples"
"211",13.19,78,"24model","acceptable model parameter examples"
"212",7.112,83,"24model","acceptable model parameter examples"
"213",11.462,88,"24model","acceptable model parameter examples"
"214",8.48000000000001,93,"24model","acceptable model parameter examples"
"215",6.89400000000001,98,"24model","acceptable model parameter examples"
"216",9.39399999999999,103,"24model","acceptable model parameter examples"
"217",12.472,63,"25model","acceptable model parameter examples"
"218",12.012,68,"25model","acceptable model parameter examples"
"219",13.604,73,"25model","acceptable model parameter examples"
"220",13.836,78,"25model","acceptable model parameter examples"
"221",7.276,83,"25model","acceptable model parameter examples"
"222",11.876,88,"25model","acceptable model parameter examples"
"223",8.70599999999999,93,"25model","acceptable model parameter examples"
"224",6.98599999999999,98,"25model","acceptable model parameter examples"
"225",9.566,103,"25model","acceptable model parameter examples"
"226",15.754,63,"26model","acceptable model parameter examples"
"227",14.432,68,"26model","acceptable model parameter examples"
"228",15.582,73,"26model","acceptable model parameter examples"
"229",15.31,78,"26model","acceptable model parameter examples"
"230",7.914,83,"26model","acceptable model parameter examples"
"231",12.672,88,"26model","acceptable model parameter examples"
"232",8.992,93,"26model","acceptable model parameter examples"
"233",7.05000000000001,98,"26model","acceptable model parameter examples"
"234",9.974,103,"26model","acceptable model parameter examples"
"235",11.644,63,"27model","acceptable model parameter examples"
"236",10.672,68,"27model","acceptable model parameter examples"
"237",12.278,73,"27model","acceptable model parameter examples"
"238",12.38,78,"27model","acceptable model parameter examples"
"239",7.30400000000001,83,"27model","acceptable model parameter examples"
"240",10.796,88,"27model","acceptable model parameter examples"
"241",8.35,93,"27model","acceptable model parameter examples"
"242",6.92800000000001,98,"27model","acceptable model parameter examples"
"243",9.098,103,"27model","acceptable model parameter examples"
"244",12.73,63,"28model","acceptable model parameter examples"
"245",12.436,68,"28model","acceptable model parameter examples"
"246",14.474,73,"28model","acceptable model parameter examples"
"247",14.544,78,"28model","acceptable model parameter examples"
"248",7.85400000000001,83,"28model","acceptable model parameter examples"
"249",12.09,88,"28model","acceptable model parameter examples"
"250",8.866,93,"28model","acceptable model parameter examples"
"251",7.19999999999999,98,"28model","acceptable model parameter examples"
"252",10.072,103,"28model","acceptable model parameter examples"
"253",11.948,63,"29model","acceptable model parameter examples"
"254",10.414,68,"29model","acceptable model parameter examples"
"255",12.748,73,"29model","acceptable model parameter examples"
"256",13.552,78,"29model","acceptable model parameter examples"
"257",7.152,83,"29model","acceptable model parameter examples"
"258",11.938,88,"29model","acceptable model parameter examples"
"259",8.472,93,"29model","acceptable model parameter examples"
"260",6.672,98,"29model","acceptable model parameter examples"
"261",9.714,103,"29model","acceptable model parameter examples"
"262",12.656,63,"30model","acceptable model parameter examples"
"263",11.854,68,"30model","acceptable model parameter examples"
"264",14.21,73,"30model","acceptable model parameter examples"
"265",14.532,78,"30model","acceptable model parameter examples"
"266",7.70600000000001,83,"30model","acceptable model parameter examples"
"267",12.14,88,"30model","acceptable model parameter examples"
"268",8.422,93,"30model","acceptable model parameter examples"
"269",6.66999999999999,98,"30model","acceptable model parameter examples"
"270",9.766,103,"30model","acceptable model parameter examples"
"271",11.494,63,"31model","acceptable model parameter examples"
"272",10.374,68,"31model","acceptable model parameter examples"
"273",12.984,73,"31model","acceptable model parameter examples"
"274",13.82,78,"31model","acceptable model parameter examples"
"275",7.198,83,"31model","acceptable model parameter examples"
"276",12.22,88,"31model","acceptable model parameter examples"
"277",8.414,93,"31model","acceptable model parameter examples"
"278",6.822,98,"31model","acceptable model parameter examples"
"279",9.726,103,"31model","acceptable model parameter examples"
"280",12.22,63,"32model","acceptable model parameter examples"
"281",12.012,68,"32model","acceptable model parameter examples"
"282",13.824,73,"32model","acceptable model parameter examples"
"283",13.644,78,"32model","acceptable model parameter examples"
"284",7.89399999999999,83,"32model","acceptable model parameter examples"
"285",11.16,88,"32model","acceptable model parameter examples"
"286",8.73,93,"32model","acceptable model parameter examples"
"287",7.236,98,"32model","acceptable model parameter examples"
"288",9.936,103,"32model","acceptable model parameter examples"
"289",12.388,63,"33model","acceptable model parameter examples"
"290",12.902,68,"33model","acceptable model parameter examples"
"291",14.62,73,"33model","acceptable model parameter examples"
"292",14.202,78,"33model","acceptable model parameter examples"
"293",7.916,83,"33model","acceptable model parameter examples"
"294",11.548,88,"33model","acceptable model parameter examples"
"295",8.89399999999999,93,"33model","acceptable model parameter examples"
"296",7.288,98,"33model","acceptable model parameter examples"
"297",9.828,103,"33model","acceptable model parameter examples"
"298",13.262,63,"34model","acceptable model parameter examples"
"299",13.416,68,"34model","acceptable model parameter examples"
"300",15.578,73,"34model","acceptable model parameter examples"
"301",15.486,78,"34model","acceptable model parameter examples"
"302",7.736,83,"34model","acceptable model parameter examples"
"303",12.314,88,"34model","acceptable model parameter examples"
"304",8.41,93,"34model","acceptable model parameter examples"
"305",6.512,98,"34model","acceptable model parameter examples"
"306",9.52800000000001,103,"34model","acceptable model parameter examples"
"307",11.28,63,"35model","acceptable model parameter examples"
"308",10.288,68,"35model","acceptable model parameter examples"
"309",12.342,73,"35model","acceptable model parameter examples"
"310",12.878,78,"35model","acceptable model parameter examples"
"311",7.69,83,"35model","acceptable model parameter examples"
"312",11.196,88,"35model","acceptable model parameter examples"
"313",8.64,93,"35model","acceptable model parameter examples"
"314",7.14599999999999,98,"35model","acceptable model parameter examples"
"315",10.118,103,"35model","acceptable model parameter examples"
"316",12.452,63,"36model","acceptable model parameter examples"
"317",10.372,68,"36model","acceptable model parameter examples"
"318",13.336,73,"36model","acceptable model parameter examples"
"319",14.198,78,"36model","acceptable model parameter examples"
"320",7.174,83,"36model","acceptable model parameter examples"
"321",12.754,88,"36model","acceptable model parameter examples"
"322",9.11600000000001,93,"36model","acceptable model parameter examples"
"323",7.24,98,"36model","acceptable model parameter examples"
"324",10.034,103,"36model","acceptable model parameter examples"
"325",13.228,63,"37model","acceptable model parameter examples"
"326",13.74,68,"37model","acceptable model parameter examples"
"327",15.19,73,"37model","acceptable model parameter examples"
"328",14.56,78,"37model","acceptable model parameter examples"
"329",7.746,83,"37model","acceptable model parameter examples"
"330",11.384,88,"37model","acceptable model parameter examples"
"331",8.60599999999999,93,"37model","acceptable model parameter examples"
"332",6.912,98,"37model","acceptable model parameter examples"
"333",9.602,103,"37model","acceptable model parameter examples"
"334",13.602,63,"38model","acceptable model parameter examples"
"335",12.066,68,"38model","acceptable model parameter examples"
"336",13.918,73,"38model","acceptable model parameter examples"
"337",14.29,78,"38model","acceptable model parameter examples"
"338",7.214,83,"38model","acceptable model parameter examples"
"339",12.306,88,"38model","acceptable model parameter examples"
"340",8.734,93,"38model","acceptable model parameter examples"
"341",6.886,98,"38model","acceptable model parameter examples"
"342",9.996,103,"38model","acceptable model parameter examples"
"343",11.732,63,"39model","acceptable model parameter examples"
"344",9.81199999999999,68,"39model","acceptable model parameter examples"
"345",12.34,73,"39model","acceptable model parameter examples"
"346",13.064,78,"39model","acceptable model parameter examples"
"347",7.64000000000001,83,"39model","acceptable model parameter examples"
"348",11.528,88,"39model","acceptable model parameter examples"
"349",8.774,93,"39model","acceptable model parameter examples"
"350",7.114,98,"39model","acceptable model parameter examples"
"351",9.69,103,"39model","acceptable model parameter examples"
"352",12.976,63,"40model","acceptable model parameter examples"
"353",11.08,68,"40model","acceptable model parameter examples"
"354",13.174,73,"40model","acceptable model parameter examples"
"355",13.66,78,"40model","acceptable model parameter examples"
"356",7.802,83,"40model","acceptable model parameter examples"
"357",11.956,88,"40model","acceptable model parameter examples"
"358",8.904,93,"40model","acceptable model parameter examples"
"359",7.13200000000001,98,"40model","acceptable model parameter examples"
"360",9.85200000000001,103,"40model","acceptable model parameter examples"
"361",13.558,63,"41model","acceptable model parameter examples"
"362",10.506,68,"41model","acceptable model parameter examples"
"363",12.992,73,"41model","acceptable model parameter examples"
"364",13.418,78,"41model","acceptable model parameter examples"
"365",7.50799999999999,83,"41model","acceptable model parameter examples"
"366",12.1,88,"41model","acceptable model parameter examples"
"367",8.83599999999999,93,"41model","acceptable model parameter examples"
"368",7.24,98,"41model","acceptable model parameter examples"
"369",9.62,103,"41model","acceptable model parameter examples"
"370",12.47,63,"42model","acceptable model parameter examples"
"371",12.556,68,"42model","acceptable model parameter examples"
"372",14.814,73,"42model","acceptable model parameter examples"
"373",15.106,78,"42model","acceptable model parameter examples"
"374",8.28,83,"42model","acceptable model parameter examples"
"375",12.456,88,"42model","acceptable model parameter examples"
"376",9.10600000000001,93,"42model","acceptable model parameter examples"
"377",7.248,98,"42model","acceptable model parameter examples"
"378",10.256,103,"42model","acceptable model parameter examples"
"379",11.46,63,"43model","acceptable model parameter examples"
"380",10.484,68,"43model","acceptable model parameter examples"
"381",12.736,73,"43model","acceptable model parameter examples"
"382",13.56,78,"43model","acceptable model parameter examples"
"383",7.088,83,"43model","acceptable model parameter examples"
"384",12.082,88,"43model","acceptable model parameter examples"
"385",8.36800000000001,93,"43model","acceptable model parameter examples"
"386",6.69,98,"43model","acceptable model parameter examples"
"387",10.014,103,"43model","acceptable model parameter examples"
"388",12.602,63,"44model","acceptable model parameter examples"
"389",12.92,68,"44model","acceptable model parameter examples"
"390",14.496,73,"44model","acceptable model parameter examples"
"391",14.27,78,"44model","acceptable model parameter examples"
"392",8.348,83,"44model","acceptable model parameter examples"
"393",11.574,88,"44model","acceptable model parameter examples"
"394",8.38000000000001,93,"44model","acceptable model parameter examples"
"395",6.88000000000001,98,"44model","acceptable model parameter examples"
"396",9.88,103,"44model","acceptable model parameter examples"
"397",11.648,63,"45model","acceptable model parameter examples"
"398",10.78,68,"45model","acceptable model parameter examples"
"399",13.206,73,"45model","acceptable model parameter examples"
"400",14.218,78,"45model","acceptable model parameter examples"
"401",7.528,83,"45model","acceptable model parameter examples"
"402",12.422,88,"45model","acceptable model parameter examples"
"403",8.96,93,"45model","acceptable model parameter examples"
"404",7.016,98,"45model","acceptable model parameter examples"
"405",10.298,103,"45model","acceptable model parameter examples"
"406",11.482,63,"46model","acceptable model parameter examples"
"407",10.214,68,"46model","acceptable model parameter examples"
"408",12.39,73,"46model","acceptable model parameter examples"
"409",12.87,78,"46model","acceptable model parameter examples"
"410",7.26,83,"46model","acceptable model parameter examples"
"411",11.136,88,"46model","acceptable model parameter examples"
"412",8.52399999999999,93,"46model","acceptable model parameter examples"
"413",6.908,98,"46model","acceptable model parameter examples"
"414",9.43399999999999,103,"46model","acceptable model parameter examples"
"415",12.644,63,"47model","acceptable model parameter examples"
"416",11.196,68,"47model","acceptable model parameter examples"
"417",13.37,73,"47model","acceptable model parameter examples"
"418",13.836,78,"47model","acceptable model parameter examples"
"419",7.974,83,"47model","acceptable model parameter examples"
"420",12.1,88,"47model","acceptable model parameter examples"
"421",8.56999999999999,93,"47model","acceptable model parameter examples"
"422",6.93,98,"47model","acceptable model parameter examples"
"423",10.008,103,"47model","acceptable model parameter examples"
"424",11.58,63,"48model","acceptable model parameter examples"
"425",10.218,68,"48model","acceptable model parameter examples"
"426",12.378,73,"48model","acceptable model parameter examples"
"427",13.108,78,"48model","acceptable model parameter examples"
"428",7.09399999999999,83,"48model","acceptable model parameter examples"
"429",11.65,88,"48model","acceptable model parameter examples"
"430",8.676,93,"48model","acceptable model parameter examples"
"431",7.00599999999999,98,"48model","acceptable model parameter examples"
"432",9.904,103,"48model","acceptable model parameter examples"
"433",12.946,63,"49model","acceptable model parameter examples"
"434",12.062,68,"49model","acceptable model parameter examples"
"435",13.742,73,"49model","acceptable model parameter examples"
"436",14.176,78,"49model","acceptable model parameter examples"
"437",7.17,83,"49model","acceptable model parameter examples"
"438",12.316,88,"49model","acceptable model parameter examples"
"439",9.038,93,"49model","acceptable model parameter examples"
"440",7.188,98,"49model","acceptable model parameter examples"
"441",10.14,103,"49model","acceptable model parameter examples"
"442",13.048,63,"50model","acceptable model parameter examples"
"443",12.008,68,"50model","acceptable model parameter examples"
"444",13.584,73,"50model","acceptable model parameter examples"
"445",14.054,78,"50model","acceptable model parameter examples"
"446",7.166,83,"50model","acceptable model parameter examples"
"447",11.872,88,"50model","acceptable model parameter examples"
"448",8.61,93,"50model","acceptable model parameter examples"
"449",6.75,98,"50model","acceptable model parameter examples"
"450",10.038,103,"50model","acceptable model parameter examples"
"451",12.932,63,"51model","acceptable model parameter examples"
"452",12.2,68,"51model","acceptable model parameter examples"
"453",13.882,73,"51model","acceptable model parameter examples"
"454",13.902,78,"51model","acceptable model parameter examples"
"455",7.47,83,"51model","acceptable model parameter examples"
"456",11.682,88,"51model","acceptable model parameter examples"
"457",8.80599999999999,93,"51model","acceptable model parameter examples"
"458",7.10599999999999,98,"51model","acceptable model parameter examples"
"459",9.666,103,"51model","acceptable model parameter examples"
"460",12.092,63,"52model","acceptable model parameter examples"
"461",12.168,68,"52model","acceptable model parameter examples"
"462",14.612,73,"52model","acceptable model parameter examples"
"463",14.578,78,"52model","acceptable model parameter examples"
"464",7.248,83,"52model","acceptable model parameter examples"
"465",12.452,88,"52model","acceptable model parameter examples"
"466",8.966,93,"52model","acceptable model parameter examples"
"467",7.102,98,"52model","acceptable model parameter examples"
"468",9.69399999999999,103,"52model","acceptable model parameter examples"
"469",12.972,63,"53model","acceptable model parameter examples"
"470",13.224,68,"53model","acceptable model parameter examples"
"471",15.026,73,"53model","acceptable model parameter examples"
"472",14.794,78,"53model","acceptable model parameter examples"
"473",8.11999999999999,83,"53model","acceptable model parameter examples"
"474",11.798,88,"53model","acceptable model parameter examples"
"475",8.35400000000001,93,"53model","acceptable model parameter examples"
"476",6.58399999999999,98,"53model","acceptable model parameter examples"
"477",9.37599999999999,103,"53model","acceptable model parameter examples"
"478",12.454,63,"54model","acceptable model parameter examples"
"479",11.898,68,"54model","acceptable model parameter examples"
"480",13.752,73,"54model","acceptable model parameter examples"
"481",14.076,78,"54model","acceptable model parameter examples"
"482",7.51,83,"54model","acceptable model parameter examples"
"483",11.93,88,"54model","acceptable model parameter examples"
"484",8.998,93,"54model","acceptable model parameter examples"
"485",7.25,98,"54model","acceptable model parameter examples"
"486",10.008,103,"54model","acceptable model parameter examples"
"487",15.64,63,"55model","acceptable model parameter examples"
"488",14.298,68,"55model","acceptable model parameter examples"
"489",15.756,73,"55model","acceptable model parameter examples"
"490",15.27,78,"55model","acceptable model parameter examples"
"491",7.21999999999999,83,"55model","acceptable model parameter examples"
"492",12.576,88,"55model","acceptable model parameter examples"
"493",9.054,93,"55model","acceptable model parameter examples"
"494",7.17,98,"55model","acceptable model parameter examples"
"495",9.69200000000001,103,"55model","acceptable model parameter examples"
"496",12.472,63,"56model","acceptable model parameter examples"
"497",12.344,68,"56model","acceptable model parameter examples"
"498",14.68,73,"56model","acceptable model parameter examples"
"499",15.078,78,"56model","acceptable model parameter examples"
"500",7.636,83,"56model","acceptable model parameter examples"
"501",12.642,88,"56model","acceptable model parameter examples"
"502",8.86800000000001,93,"56model","acceptable model parameter examples"
"503",7.146,98,"56model","acceptable model parameter examples"
"504",10.376,103,"56model","acceptable model parameter examples"
"505",11.438,63,"57model","acceptable model parameter examples"
"506",10.826,68,"57model","acceptable model parameter examples"
"507",13.08,73,"57model","acceptable model parameter examples"
"508",13.6,78,"57model","acceptable model parameter examples"
"509",7.74399999999999,83,"57model","acceptable model parameter examples"
"510",11.838,88,"57model","acceptable model parameter examples"
"511",8.74799999999999,93,"57model","acceptable model parameter examples"
"512",7.172,98,"57model","acceptable model parameter examples"
"513",9.88,103,"57model","acceptable model parameter examples"
"514",11.504,63,"58model","acceptable model parameter examples"
"515",10.62,68,"58model","acceptable model parameter examples"
"516",13.532,73,"58model","acceptable model parameter examples"
"517",14.174,78,"58model","acceptable model parameter examples"
"518",7.40400000000001,83,"58model","acceptable model parameter examples"
"519",12.288,88,"58model","acceptable model parameter examples"
"520",8.64,93,"58model","acceptable model parameter examples"
"521",6.834,98,"58model","acceptable model parameter examples"
"522",9.898,103,"58model","acceptable model parameter examples"
"523",11.342,63,"59model","acceptable model parameter examples"
"524",10.01,68,"59model","acceptable model parameter examples"
"525",12.818,73,"59model","acceptable model parameter examples"
"526",13.856,78,"59model","acceptable model parameter examples"
"527",7.366,83,"59model","acceptable model parameter examples"
"528",12.136,88,"59model","acceptable model parameter examples"
"529",9.12,93,"59model","acceptable model parameter examples"
"530",7.166,98,"59model","acceptable model parameter examples"
"531",10.376,103,"59model","acceptable model parameter examples"
"532",12.602,63,"60model","acceptable model parameter examples"
"533",12.194,68,"60model","acceptable model parameter examples"
"534",13.858,73,"60model","acceptable model parameter examples"
"535",13.814,78,"60model","acceptable model parameter examples"
"536",7.934,83,"60model","acceptable model parameter examples"
"537",11.508,88,"60model","acceptable model parameter examples"
"538",8.39000000000001,93,"60model","acceptable model parameter examples"
"539",6.98000000000001,98,"60model","acceptable model parameter examples"
"540",10.076,103,"60model","acceptable model parameter examples"
"541",13.372,63,"61model","acceptable model parameter examples"
"542",12.4,68,"61model","acceptable model parameter examples"
"543",14.18,73,"61model","acceptable model parameter examples"
"544",14.484,78,"61model","acceptable model parameter examples"
"545",7.38000000000001,83,"61model","acceptable model parameter examples"
"546",12.518,88,"61model","acceptable model parameter examples"
"547",9.124,93,"61model","acceptable model parameter examples"
"548",7.26999999999999,98,"61model","acceptable model parameter examples"
"549",10.082,103,"61model","acceptable model parameter examples"
"550",15.55,63,"62model","acceptable model parameter examples"
"551",14.344,68,"62model","acceptable model parameter examples"
"552",16.072,73,"62model","acceptable model parameter examples"
"553",15.402,78,"62model","acceptable model parameter examples"
"554",8.024,83,"62model","acceptable model parameter examples"
"555",12.36,88,"62model","acceptable model parameter examples"
"556",8.896,93,"62model","acceptable model parameter examples"
"557",7.092,98,"62model","acceptable model parameter examples"
"558",9.84799999999999,103,"62model","acceptable model parameter examples"
"559",11.486,63,"63model","acceptable model parameter examples"
"560",9.928,68,"63model","acceptable model parameter examples"
"561",12,73,"63model","acceptable model parameter examples"
"562",12.618,78,"63model","acceptable model parameter examples"
"563",7.35,83,"63model","acceptable model parameter examples"
"564",11.242,88,"63model","acceptable model parameter examples"
"565",8.752,93,"63model","acceptable model parameter examples"
"566",7.26800000000001,98,"63model","acceptable model parameter examples"
"567",9.966,103,"63model","acceptable model parameter examples"
"568",13.568,63,"64model","acceptable model parameter examples"
"569",13.23,68,"64model","acceptable model parameter examples"
"570",15.544,73,"64model","acceptable model parameter examples"
"571",15.53,78,"64model","acceptable model parameter examples"
"572",7.55600000000001,83,"64model","acceptable model parameter examples"
"573",12.62,88,"64model","acceptable model parameter examples"
"574",8.668,93,"64model","acceptable model parameter examples"
"575",6.826,98,"64model","acceptable model parameter examples"
"576",9.97400000000001,103,"64model","acceptable model parameter examples"
"577",12.296,63,"65model","acceptable model parameter examples"
"578",10.772,68,"65model","acceptable model parameter examples"
"579",13.282,73,"65model","acceptable model parameter examples"
"580",14.306,78,"65model","acceptable model parameter examples"
"581",7.316,83,"65model","acceptable model parameter examples"
"582",12.55,88,"65model","acceptable model parameter examples"
"583",8.29,93,"65model","acceptable model parameter examples"
"584",6.422,98,"65model","acceptable model parameter examples"
"585",10.214,103,"65model","acceptable model parameter examples"
"586",11.39,63,"66model","acceptable model parameter examples"
"587",11.5,68,"66model","acceptable model parameter examples"
"588",13.88,73,"66model","acceptable model parameter examples"
"589",14.478,78,"66model","acceptable model parameter examples"
"590",8.27,83,"66model","acceptable model parameter examples"
"591",12.39,88,"66model","acceptable model parameter examples"
"592",8.45400000000001,93,"66model","acceptable model parameter examples"
"593",6.802,98,"66model","acceptable model parameter examples"
"594",8.86199999999999,103,"66model","acceptable model parameter examples"
"595",14.258,63,"67model","acceptable model parameter examples"
"596",12.824,68,"67model","acceptable model parameter examples"
"597",13.998,73,"67model","acceptable model parameter examples"
"598",13.65,78,"67model","acceptable model parameter examples"
"599",7.802,83,"67model","acceptable model parameter examples"
"600",11.42,88,"67model","acceptable model parameter examples"
"601",8.45400000000001,93,"67model","acceptable model parameter examples"
"602",6.862,98,"67model","acceptable model parameter examples"
"603",9.32800000000001,103,"67model","acceptable model parameter examples"
"604",12.972,63,"68model","acceptable model parameter examples"
"605",10.902,68,"68model","acceptable model parameter examples"
"606",13.26,73,"68model","acceptable model parameter examples"
"607",13.812,78,"68model","acceptable model parameter examples"
"608",7.224,83,"68model","acceptable model parameter examples"
"609",12.298,88,"68model","acceptable model parameter examples"
"610",8.502,93,"68model","acceptable model parameter examples"
"611",6.766,98,"68model","acceptable model parameter examples"
"612",9.82399999999999,103,"68model","acceptable model parameter examples"
"613",14.548,63,"69model","acceptable model parameter examples"
"614",13.518,68,"69model","acceptable model parameter examples"
"615",15.334,73,"69model","acceptable model parameter examples"
"616",14.98,78,"69model","acceptable model parameter examples"
"617",7.476,83,"69model","acceptable model parameter examples"
"618",12.278,88,"69model","acceptable model parameter examples"
"619",8.654,93,"69model","acceptable model parameter examples"
"620",6.892,98,"69model","acceptable model parameter examples"
"621",9.64599999999999,103,"69model","acceptable model parameter examples"
"622",11.972,63,"70model","acceptable model parameter examples"
"623",11.71,68,"70model","acceptable model parameter examples"
"624",13.838,73,"70model","acceptable model parameter examples"
"625",14.104,78,"70model","acceptable model parameter examples"
"626",7.814,83,"70model","acceptable model parameter examples"
"627",11.84,88,"70model","acceptable model parameter examples"
"628",8.426,93,"70model","acceptable model parameter examples"
"629",6.83199999999999,98,"70model","acceptable model parameter examples"
"630",9.67400000000001,103,"70model","acceptable model parameter examples"
"631",13.634,63,"71model","acceptable model parameter examples"
"632",11.948,68,"71model","acceptable model parameter examples"
"633",13.66,73,"71model","acceptable model parameter examples"
"634",13.564,78,"71model","acceptable model parameter examples"
"635",7.136,83,"71model","acceptable model parameter examples"
"636",11.504,88,"71model","acceptable model parameter examples"
"637",8.554,93,"71model","acceptable model parameter examples"
"638",6.93399999999999,98,"71model","acceptable model parameter examples"
"639",9.31400000000001,103,"71model","acceptable model parameter examples"
"640",12.472,63,"72model","acceptable model parameter examples"
"641",12.862,68,"72model","acceptable model parameter examples"
"642",14.978,73,"72model","acceptable model parameter examples"
"643",14.868,78,"72model","acceptable model parameter examples"
"644",8.388,83,"72model","acceptable model parameter examples"
"645",11.944,88,"72model","acceptable model parameter examples"
"646",8.664,93,"72model","acceptable model parameter examples"
"647",6.89799999999999,98,"72model","acceptable model parameter examples"
"648",9.68,103,"72model","acceptable model parameter examples"
"649",11.43,63,"73model","acceptable model parameter examples"
"650",10.386,68,"73model","acceptable model parameter examples"
"651",12.394,73,"73model","acceptable model parameter examples"
"652",12.996,78,"73model","acceptable model parameter examples"
"653",7.176,83,"73model","acceptable model parameter examples"
"654",11.568,88,"73model","acceptable model parameter examples"
"655",8.75,93,"73model","acceptable model parameter examples"
"656",7.13200000000001,98,"73model","acceptable model parameter examples"
"657",9.668,103,"73model","acceptable model parameter examples"
"658",11.846,63,"74model","acceptable model parameter examples"
"659",12.75,68,"74model","acceptable model parameter examples"
"660",13.956,73,"74model","acceptable model parameter examples"
"661",13.714,78,"74model","acceptable model parameter examples"
"662",8.438,83,"74model","acceptable model parameter examples"
"663",11.124,88,"74model","acceptable model parameter examples"
"664",8.622,93,"74model","acceptable model parameter examples"
"665",7.154,98,"74model","acceptable model parameter examples"
"666",10.096,103,"74model","acceptable model parameter examples"
"667",11.474,63,"75model","acceptable model parameter examples"
"668",9.72599999999999,68,"75model","acceptable model parameter examples"
"669",12.386,73,"75model","acceptable model parameter examples"
"670",13.34,78,"75model","acceptable model parameter examples"
"671",7.522,83,"75model","acceptable model parameter examples"
"672",11.978,88,"75model","acceptable model parameter examples"
"673",8.68000000000001,93,"75model","acceptable model parameter examples"
"674",6.95400000000001,98,"75model","acceptable model parameter examples"
"675",9.922,103,"75model","acceptable model parameter examples"
"676",12.24,63,"76model","acceptable model parameter examples"
"677",11.012,68,"76model","acceptable model parameter examples"
"678",12.784,73,"76model","acceptable model parameter examples"
"679",13.07,78,"76model","acceptable model parameter examples"
"680",7.18399999999999,83,"76model","acceptable model parameter examples"
"681",11.584,88,"76model","acceptable model parameter examples"
"682",8.742,93,"76model","acceptable model parameter examples"
"683",7.25,98,"76model","acceptable model parameter examples"
"684",9.812,103,"76model","acceptable model parameter examples"
"685",11.888,63,"77model","acceptable model parameter examples"
"686",11.634,68,"77model","acceptable model parameter examples"
"687",14.108,73,"77model","acceptable model parameter examples"
"688",14.614,78,"77model","acceptable model parameter examples"
"689",7.98399999999999,83,"77model","acceptable model parameter examples"
"690",12.434,88,"77model","acceptable model parameter examples"
"691",8.41600000000001,93,"77model","acceptable model parameter examples"
"692",6.75799999999999,98,"77model","acceptable model parameter examples"
"693",9.6,103,"77model","acceptable model parameter examples"
"694",12.578,63,"78model","acceptable model parameter examples"
"695",12.414,68,"78model","acceptable model parameter examples"
"696",14.34,73,"78model","acceptable model parameter examples"
"697",14.7,78,"78model","acceptable model parameter examples"
"698",7.392,83,"78model","acceptable model parameter examples"
"699",12.254,88,"78model","acceptable model parameter examples"
"700",8.354,93,"78model","acceptable model parameter examples"
"701",6.358,98,"78model","acceptable model parameter examples"
"702",9.554,103,"78model","acceptable model parameter examples"
"703",12.438,63,"79model","acceptable model parameter examples"
"704",11.108,68,"79model","acceptable model parameter examples"
"705",13.18,73,"79model","acceptable model parameter examples"
"706",13.662,78,"79model","acceptable model parameter examples"
"707",7.322,83,"79model","acceptable model parameter examples"
"708",11.94,88,"79model","acceptable model parameter examples"
"709",8.976,93,"79model","acceptable model parameter examples"
"710",7.21799999999999,98,"79model","acceptable model parameter examples"
"711",9.672,103,"79model","acceptable model parameter examples"
"712",11.814,63,"80model","acceptable model parameter examples"
"713",11.486,68,"80model","acceptable model parameter examples"
"714",14.718,73,"80model","acceptable model parameter examples"
"715",14.916,78,"80model","acceptable model parameter examples"
"716",7.78200000000001,83,"80model","acceptable model parameter examples"
"717",12.482,88,"80model","acceptable model parameter examples"
"718",8.374,93,"80model","acceptable model parameter examples"
"719",6.72,98,"80model","acceptable model parameter examples"
"720",8.9,103,"80model","acceptable model parameter examples"
"721",13.658,63,"81model","acceptable model parameter examples"
"722",14.078,68,"81model","acceptable model parameter examples"
"723",15.078,73,"81model","acceptable model parameter examples"
"724",14.538,78,"81model","acceptable model parameter examples"
"725",7.526,83,"81model","acceptable model parameter examples"
"726",11.94,88,"81model","acceptable model parameter examples"
"727",8.812,93,"81model","acceptable model parameter examples"
"728",7.158,98,"81model","acceptable model parameter examples"
"729",9.85799999999999,103,"81model","acceptable model parameter examples"
"730",12.416,63,"82model","acceptable model parameter examples"
"731",11.398,68,"82model","acceptable model parameter examples"
"732",14.192,73,"82model","acceptable model parameter examples"
"733",14.634,78,"82model","acceptable model parameter examples"
"734",8.094,83,"82model","acceptable model parameter examples"
"735",12.532,88,"82model","acceptable model parameter examples"
"736",8.53399999999999,93,"82model","acceptable model parameter examples"
"737",6.86800000000001,98,"82model","acceptable model parameter examples"
"738",10.05,103,"82model","acceptable model parameter examples"
"739",11.892,63,"83model","acceptable model parameter examples"
"740",11.662,68,"83model","acceptable model parameter examples"
"741",13.472,73,"83model","acceptable model parameter examples"
"742",13.712,78,"83model","acceptable model parameter examples"
"743",7.75600000000001,83,"83model","acceptable model parameter examples"
"744",11.414,88,"83model","acceptable model parameter examples"
"745",8.786,93,"83model","acceptable model parameter examples"
"746",7.098,98,"83model","acceptable model parameter examples"
"747",10.014,103,"83model","acceptable model parameter examples"
"748",13.142,63,"84model","acceptable model parameter examples"
"749",13.072,68,"84model","acceptable model parameter examples"
"750",14.306,73,"84model","acceptable model parameter examples"
"751",14.206,78,"84model","acceptable model parameter examples"
"752",7.796,83,"84model","acceptable model parameter examples"
"753",11.66,88,"84model","acceptable model parameter examples"
"754",8.35,93,"84model","acceptable model parameter examples"
"755",6.61600000000001,98,"84model","acceptable model parameter examples"
"756",9.774,103,"84model","acceptable model parameter examples"
"757",13.7600731599375,63,"observation (5-yr. average)","observation"
"758",11.9321819203907,66,"observation (5-yr. average)","observation"
"759",13.603523015453,71,"observation (5-yr. average)","observation"
"760",13.713545032374,76,"observation (5-yr. average)","observation"
"761",13.0767932051942,82,"observation (5-yr. average)","observation"
"762",10.2796784968075,88,"observation (5-yr. average)","observation"
"763",11.2721636427982,93,"observation (5-yr. average)","observation"
"764",4.79564306119247,98,"observation (5-yr. average)","observation"
"765",10.492971894326,103,"observation (5-yr. average)","observation"
"766",13.25,63,"model best_fit","model best fit"
"767",12.64,68,"model best_fit","model best fit"
"768",14.384,73,"model best_fit","model best fit"
"769",14.14,78,"model best_fit","model best fit"
"770",7.292,83,"model best_fit","model best fit"
"771",11.452,88,"model best_fit","model best fit"
"772",7.696,93,"model best_fit","model best fit"
"773",5.90399999999998,98,"model best_fit","model best fit"
"774",9.50600000000001,103,"model best_fit","model best fit"
"775",7.178,63,"model original parameters","model original parameters"
"776",5.124,68,"model original parameters","model original parameters"
"777",7.14,73,"model original parameters","model original parameters"
"778",7.952,78,"model original parameters","model original parameters"
"779",4.38199999999999,83,"model original parameters","model original parameters"
"780",9.09000000000001,88,"model original parameters","model original parameters"
"781",7.052,93,"model original parameters","model original parameters"
"782",6.478,98,"model original parameters","model original parameters"
"783",7.148,103,"model original parameters","model original parameters"
